company_name,contract_tag,contract_type,job_id,job_title,job_url,location,missions,profil_recherche,publication_date,qualifications,resume_de_loffre,salary
Amiltone,üè° T√©l√©travail partiel,CDI,65248071,Data Analyst H/F,https://www.hellowork.com/fr-fr/emplois/65248071.html,Lyon - 69,"Les missions d'un Amiltonien :
En tant que Data Analyst (H/F), vous serez en charge des missions suivantes :
- R√©aliser des tableaux de bords
- Communiquer autour des donn√©es en interne
- Faire parler les insight et les KPI pour accompagner les d√©cisions strat√©giques de demain
- Devenir r√©f√©rent de la donn√©es et des indicateurs (aider √† la formation, √©vang√©liser, donner de la visibilit√©)
- Etre en veille constante pour voir comment am√©liorer les rapports
La stack technique :
- Outils SAAS (Jira, Confluence...) et Back-office interne
- Suite Office (Excel/PowerPoint)
- Requ√™tes SQL
- Power BI","Alors ? Pr√™t √† devenir Amiltonien ?
N'h√©sitez pas √† postuler si vous vous reconnaissez :
- Dipl√¥m√© d'un Bac +3/+5 (Licence, √©cole d'ing√©nieur ou master), vous avez une exp√©rience en tant que Data Analyst/ Ing√©nieur.
- Vous aimez d√©couvrir de nouveaux contextes fonctionnels et comprendre les objectifs des applications que vous d√©veloppez.
- A l'aise dans une organisation agile, vous faites preuve de rigueur.
Outre vos comp√©tences techniques, nous nous int√©ressons √©galement √† votre potentiel et votre motivation.
Nos postes sont ouverts aux personnes en situation de handicap.",il y a 2 jours,",T√©l√©travail partiel,Bac +5,Secteur informatique ‚Ä¢ ESN,Exp. - 1 an,Lyon - 69,CDI",R√©sum√© de l'offre,
Kicklox,üè° T√©l√©travail partiel,Independant,63424016,Data Analyst H/F,https://www.hellowork.com/fr-fr/emplois/63424016.html,Lyon - 69,"L'offre
Secteurs
Automobile, A√©ronautique, Spatial, D√©fense & S√©curit√©, Ferroviaire, T√©l√©communications, Energie, Services & Syst√®mes d'Informations, Chimie / P√©trochimie, Digital & E-Commerce, Naval, Machines & Industrie Lourde, Pharmaceutique / Biotechnologie, Banque & Assurance, BTP
Description de l'offre
Nous recrutons pour l'un de nos clients un Data Analyst, √† pourvoir d√®s que possible. Ce professionnel aura pour mission :
- Collecter, traiter et analyser des donn√©es volumineuses pour g√©n√©rer des insights significatifs.
- Cr√©er des rapports et des tableaux de bord pour aider √† la prise de d√©cision.
- Travailler en collaboration avec les √©quipes d'affaires pour comprendre leurs besoins en donn√©es.
- Utiliser des outils statistiques et de visualisation pour pr√©senter les donn√©es de mani√®re efficace.
- Assurer la qualit√© des donn√©es et maintenir l'int√©grit√© des syst√®mes de donn√©es.
Missions √† r√©aliser
Collecter, analyser et interpr√©ter les donn√©es pour fournir des insights actionnables et soutenir la prise de d√©cision.
Modalit√©s
- Date de d√©marrage : d√®s que possible
- Date de fin : dur√©e 6 mois
- Candidats recherch√©s : 1
- Exp√©rience : 6+ ans
- Type de contrat : Freelance / Ind√©pendant, Temps complet
- R√©mun√©ration : 350 ‚Ç¨ - 490 ‚Ç¨ par jour selon exp√©rience
- Mode de facturation : Assistance technique
- Localisation : 8th arrondissement, Lyon, France
- T√©l√©travail partiel","Le profil recherch√©
Comp√©tences requises
Analyse de donn√©es, SQL, Excel, Tableau, Power BI, statistiques, Mod√©lisation des donn√©es, Visualisations, Documentation
Description du profil
- Solide ma√Ætrise des outils d'analyse de donn√©es (SQL, Excel, Tableau, Power BI) - Comp√©tences en statistiques et mod√©lisation des donn√©es - Capacit√© √† cr√©er des rapports et des visualisations de donn√©es - Excellentes comp√©tences en communication et en documentation - Capacit√© √† analyser les besoins m√©tiers et √† fournir des insights actionnables - Esprit analytique et attention aux d√©tails - Capacit√© √† travailler en √©quipe et √† respecter les d√©lais
Langues
Fran√ßais",il y a 3 jours,",T√©l√©travail partiel,Bac +5,Industrie Auto ‚Ä¢ Meca ‚Ä¢ Navale,Exp. 1 √† 7 ans,Exp. + 7 ans,Lyon - 69,Ind√©pendant",R√©sum√© de l'offre,
Volvo Group,,CDI,64096344,Senior Data Analyst F - m H/F,https://www.hellowork.com/fr-fr/emplois/64096344.html,V√©nissieux - 69,,,il y a 16 heures,"Bac +5,Industrie Auto ‚Ä¢ Meca ‚Ä¢ Navale,V√©nissieux - 69,CDI",R√©sum√© de l'offre,
Prosol,,CDI,64864580,Data Analyst H/F,https://www.hellowork.com/fr-fr/emplois/64864580.html,Chaponnay - 69,"Si vous aimez les bons produits, le bon sens et la bonne ambiance, rejoignez-nous.
Au programme, des missions aux petits oignons :
Au sein de l'√©quipe finance et performance de l'univers fruits et l√©gumes, vous √™tes rattach√© au Responsable du p√¥le.
Vos missions principales sont les suivantes :
* Cr√©er des tableaux de bord adapt√©s aux besoins des diff√©rentes √©quipes (achats, magasins, direction, etc.),
* R√©aliser des analyses de donn√©es ad hoc pour r√©pondre aux demandes ponctuelles de chaque service,
* Accompagner et former les utilisateurs sur les outils d√©velopp√©s,
* √ätre le point de r√©f√©rence de la Business Unit Fruits et L√©gumes sur l'ensemble des sujets data (r√©f√©rentiels, calcul d'indicateurs, outil de restitution...),
* Participer √† la d√©finition de la feuille de route strat√©gique Data.","Vous √™tes :
* Issu id√©alement du secteur agro-alimentaire, vous justifiez d'une exp√©rience de 2 ans minimum dans une fonction similaire,
* En ma√Ætrise d'outils d'analyse de donn√©es (id√©alement power BI),
* Orient√© business, votre aisance relationnelle vous permet de travailler en √©quipe et d'interagir avec diff√©rents interlocuteurs,
* Reconnu pour votre rigueur, votre r√©activit√© et votre dynamisme.
Vous souhaitez int√©grer une entreprise offrant de belles perspectives d'√©volution ? Postulez et rejoignez les passionn√©s du bon !
Parce que vous ne comptez pas pour des prunes, nous vous proposons :
* Un poste √† pourvoir en CDI, bas√© √† Chaponnay (69) - Notre site est peu desservi par les transports en commun.
* Une r√©mun√©ration attractive et √©volutive selon profil et exp√©rience,
* Une prime individuelle annuelle,
* Un statut cadre avec 12 jours de RTT,
* 520 ‚Ç¨ de bons d'achat par an,
* Des tickets restaurant,
* Des primes de cooptation jusqu'√† 1000 ‚Ç¨ brut par recrutement,
* Un organisme de formation interne qui accompagne votre d√©veloppement,
* Une mutuelle familiale avantageuse.
Mais aussi... L'opportunit√© de vivre une exp√©rience riche, avec autonomie, confiance et agilit√© au quotidien.",il y a 11 jours,"Bac +5,Distribution ‚Ä¢ Commerce de gros,Exp. - 1 an,Chaponnay - 69,CDI",R√©sum√© de l'offre,
PwC,üè° T√©l√©travail partiel,CDI,60695943,Data Analyst Deals M&A CDI H/F,https://www.hellowork.com/fr-fr/emplois/60695943.html,Lyon - 69,,,il y a 19 jours,",T√©l√©travail partiel,Bac +5,Secteur informatique ‚Ä¢ ESN,Lyon - 69,CDI",R√©sum√© de l'offre,
Rubix France,,Alternance,62437584,Data Analyst en Alternance H/F,https://www.hellowork.com/fr-fr/emplois/62437584.html,Lyon 7e - 69,"Vous r√™vez d'allier commerce et expertise technique dans un environnement dynamique et innovant ?
Rejoignez Rubix France en tant que  :
Data Analyst en Alternance   (H/F)
En rejoignant Rubix, vous serez immerg√© au sein du si√®ge √† Lyon. Vous serez accompagn√© par votre tuteur qui sera votre interlocuteur privil√©gi√© pour r√©pondre √† vos questions, vous former et faciliter votre mont√©e en comp√©tences.
Vous serez rattach√© √† la direction Data & Pricing et viendrez compl√©ter une √©quipe de 4 personnes.

Dans le contexte d'une entreprise fortement orient√©e Business & Performance, l'√©quipe Data & Pricing contribue au pilotage de la performance commerciale dans nos diff√©rentes dimensions ¬´ business ¬ª : segmentation client, g√©ographie du r√©seau, cat√©gories de produits, secteurs commerciaux...

Vous interviendrez en v√©ritable support √† la fonction ¬´ Efficacit√© Commerciale ¬ª dans la mise en oeuvre d'indicateurs cl√©s de suivi, dans l'analyse en continu de la performance commerciale du r√©seau, dans le suivi des challenges commerciaux et dans la r√©alisation d'√©tudes plus ponctuelles sur diff√©rents leviers.

Vos missions :
- Identifier et mettre en oeuvre les indicateurs cl√©s de suivi de la performance
- Analyser en continu la performance commerciale du r√©seau √† destination de la direction g√©n√©rale (CA, Marge, etc.), identifier,   pr√©coniser et d√©ployer des actions correctives si n√©cessaire.
- Analyser les impacts des initiatives d√©ploy√©es.
- R√©aliser des √©tudes de performances sur les diff√©rents leviers/innovations (nouveaux plans tarifaires B2B, offres promotionnelles, nouvelles typologies de produits).
- D√©velopper les outils BI de mise √† disposition des donn√©es et indicateurs pour les fonctions Commerce et Supports (Qlik Sense, Business Object, Power BI).
- Utilisation d'algorithmes de Data Science sur des sujets vari√©s (cat√©gorisation clients/produits, optimisation de nos prix de ventes...) pour am√©liorer les r√©sultats de l'entreprise.","- Vous √™tes √©tudiant et pr√©parez un Bac +3 √† Bac +5, √©cole de commerce, √©cole d'ing√©nieur ou √©quivalent.
- Vous connaissez les outils de suivi de la performance (tableaux de bord, KPIS) id√©alement QLIKQSENSE et Business Objects.
- Vous avez une excellente ma√Ætrise d'Excel et de Power Point.
- Vous poss√©dez √©galement de fortes comp√©tences analytiques et avez une capacit√© √† travailler avec des donn√©es complexes.
- Vous avez des capacit√©s √† communiquer clairement et efficacement les r√©sultats d'analyse aux parties prenantes concern√©es et √† travailler de mani√®re autonome tout en faisant partie d'une √©quipe
Mais surtout, vous √™tes :
Autonome : Vous savez faire preuve de maturit√© dans la conduite de vos missions.
Dynamique : Vous √™tes actif et √©nergique.
Rigoureux : Vous avez le sens du d√©tail et le go√ªt du travail bien fait.
Vous serez int√©gr√© √† l'√©quipe comme un collaborateur √† part enti√®re. Venez grandir avec nous.
Si vous partagez nos valeurs et notre passion pour le monde industriel, rejoignez #Rubix France !",il y a 8 jours,"486,49 - 1‚ÄØ801,80 ‚Ç¨ / mois,Bac +3, Bac +4,Bac +5,Distribution ‚Ä¢ Commerce de gros,Lyon 7e - 69,Alternance",R√©sum√© de l'offre,"486,49 - 1‚ÄØ801,80 ‚Ç¨ / mois"
The Porters,,Independant,63809648,Data Analyst H/F,https://www.hellowork.com/fr-fr/emplois/63809648.html,Lyon - 69,"Pour notre client, nous recherchons un(e) Data Analyst. Vous transformerez des donn√©es complexes en insights strat√©giques pour les √©quipes m√©tiers et les clients.
Missions Principales
Analyse de donn√©es :
Nettoyage et traitement de datasets vari√©s
Cr√©ation de dashboards interactifs (Power BI/Tableau)
Analyses ad-hoc pour r√©pondre aux besoins m√©tiers
Reporting :
Automatisation des rapports mensuels
Identification des KPI cl√©s
Pr√©sentation des r√©sultats aux stakeholders
Optimisation :
Am√©lioration des processus data
Collaboration avec les √©quipes Data Engineering
Veille sur les nouvelles m√©thodes d'analyse
Stack Technique
Outils BI : Power BI (70%), Tableau (30%)
Langages : SQL avanc√©, Python (pandas, numpy)
Data : Snowflake, BigQuery, Excel avanc√©
M√©thodes : Analyse pr√©dictive basique, clustering","Formation : Bac +5 en statistiques, √©conomie ou informatique
Exp√©rience : 3 ans minimum en analyse de donn√©es
Comp√©tences :
Ma√Ætrise des outils de visualisation
Solides bases en statistiques
Capacit√© √† vulgariser des r√©sultats complexes
Anglais technique (documents/reports)
Atouts :
Connaissance des m√©thodes ML simples
Exp√©rience avec Google Analytics
Certifications Power BI/Tableau",il y a 7 jours,"100 - 400 ‚Ç¨ / jour,Bac +2,Secteur informatique ‚Ä¢ ESN,Exp. 1 √† 7 ans,Exp. + 7 ans,Lyon - 69,Ind√©pendant",R√©sum√© de l'offre,100 - 400 ‚Ç¨ / jour
Capgemini Shared Services,,CDI,65221739,Senior Data Analyst -Lyon H/F,https://www.hellowork.com/fr-fr/emplois/65221739.html,Lyon 7e - 69,"Description de la mission :
Int√©gr√© au sein d'une √©quipe projet BI, Big Data ou Data Gouvernance pour des clients intervenant dans des secteurs d'activit√©s divers, vous serez notamment en charge des missions suivantes :
* D√©finir les besoins r√©els de nos clients, et d√©terminer la meilleure mani√®re d'y r√©pondre en utilisant la Data
* Identifier les tendances par une veille technologique permanente pour sensibiliser les clients aux nouvelles solutions
* Rendre accessible et lisible les informations sous forme de Dashboard dynamiques
* Participer √† la cr√©ation de strat√©gies d'extraction et d'analyse de donn√©es
* Am√©liorer la collecte et la gestion des donn√©es gr√¢ce √† une √©troite collaboration avec les administrateurs et gestionnaires de la base de donn√©es
* Contribuer au d√©veloppement des projets Data de A √† Z : de la phase d'avant-vente et cadrage jusqu'au prototype et l'industrialisation
* Mettre en place les processus d'industrialisation et mener cette derni√®re.","Profil :
De formation Bac +5 en √©cole d'ing√©nieur ou √©quivalent universitaireAu moins 6 ans d'exp√©rience
* Etre un(e) passionn√©(e) de la Data enthousiaste et curieux(se)
* Appr√©cier partager de fa√ßon accessible √† une audience non ¬´ data expert ¬ª
* Ma√Ætriser les langages tel que Python, SQL, Sportfire, Talend, Mod√®le pr√©dictif statistique
* Ma√Ætriser d'une solution BI de type Tableau Software, Power BI ou autre
* Exp√©rience dans l'encadrement des √©quipes est un plus
* Bon niveau d'anglais (B2 minimum)
Une premi√®re exp√©rience significative dans une fonction similaire est souhait√©e.",il y a 2 jours,"Bac +5,Secteur informatique ‚Ä¢ ESN,Exp. 1 √† 7 ans,Lyon 7e - 69,CDI",R√©sum√© de l'offre,
PwC,üè° T√©l√©travail partiel,CDI,60656313,Senior Data Analyst Deals M&A Lyon CDI H/F,https://www.hellowork.com/fr-fr/emplois/60656313.html,Lyon - 69,,,il y a 20 jours,",T√©l√©travail partiel,Bac +5,Secteur informatique ‚Ä¢ ESN,Lyon - 69,CDI",R√©sum√© de l'offre,
IVIDATA Life Sciences,,CDI,63491153,Data Analyst H/F,https://www.hellowork.com/fr-fr/emplois/63491153.html,Lyon 7e - 69,"Vos responsabilit√©s
La d√©finition du besoin utilisateur (d√©veloppement Proc√©d√©, d√©veloppement Analytique),
L'identification de l'outil ou des outils de visualisation de donn√©es appropri√©s (par exemple Tableau, Spotfire, Power BI, etc).
L'identification des sources de donn√©es pertinentes.
L'extraction des donn√©es
La cr√©ation des interfaces graphiques
L'application de techniques statistiques et de mod√©lisation si n√©cessaire
Vos expertises
Exp√©rience dans l'industrie pharmaceutique
Expertise technique en analyse statistique, visualisation et gestion des donn√©es, programmation (Python, R, SQL)
Connaissance de Tableau, Spotfire, Power BI
Autonomie
Autres : Ma√Ætrise du fran√ßais et de l'anglais indispensable, l'allemand serait un plus.
R√©mun√©ration
A partir de 40K
Localisation
Auvergne Rh√¥ne Alpes
Rejoignez une entreprise qui prend soin de ses collaborateurs et de son environnement
IVIDATA Life Sciences valorise votre expertise et place l'humain au coeur de ses priorit√©s.
Nous vous offrons un accompagnement personnalis√©, avec un suivi manag√©rial d√©di√© et des formations adapt√©es pour d√©velopper vos comp√©tences et faire √©voluer votre carri√®re.
Parce que votre bien-√™tre est essentiel, en compl√©ment des packs avantages classiques (tickets restaurants, mutuelle, remboursement des frais de transport √† hauteur de 60%, t√©l√©travail...), nous avons nou√© des partenariats avec :
- Ma Bonne F√©e, vous donnant acc√®s √† un soutien confidentiel, anonyme et gratuit, pour vos probl√©matiques professionnelles ou personnelles.
- Gymlib, vous permettant de pratiquer de nombreuses activit√©s sportives.
- Nous proposons des moments de convivialit√©, avec des √©v√©nements f√©d√©rateurs tout au long de l'ann√©e : afterworks, soir√©es, journ√©es ski...
Chez IVIDATA Life Sciences, nous sommes conscients que nous avons un r√¥le √† jouer dans la construction d'un monde plus durable et plus √©quitable. C'est pourquoi, nous menons diff√©rentes initiatives afin de r√©duire notre impact environnemental et pour favoriser l'inclusion. Nous sommes notamment signataires de la Charte Diversit√© et membre du Club Cancer@Work pour mieux concilier maladie et travail.
Nos initiatives ont notamment √©t√© r√©compens√©es en f√©vrier 2024 par Ecovadis : IVIDATA Life Sciences a re√ßu la m√©daille de Bronze et fait ainsi partie des 35% des entreprises les plus vertueuses dans le monde en mati√®re de RSE.
Notre process de recrutement et d'int√©gration
- Un entretien d√©couverte avec notre √©quipe (Charg√©s de recrutement ou Business Managers) pour √©changer sur votre parcours professionnel et vos aspirations.
- Un retour rapide et transparent pour vous soumettre nos feedbacks et vous pr√©senter nos opportunit√©s.
- Une derni√®re rencontre possible, dans nos bureaux, avec la Direction.
- Un programme d'onboarding sur mesure est pr√©vu pour tous nos nouveaux collaborateurs, rythm√© par des rencontres privil√©gi√©es avec toute l'√©quipe et nos consultants.
Postulez d√®s maintenant et rejoignez une entreprise o√π votre expertise fait toute la diff√©rence.
Chez IVIDATA Life Sciences, nous sommes fermement engag√©s en faveur de la diversit√© et de l'√©galit√© des chances. Toutes nos offres sont ouvertes aux personnes en situation de handicap. Chaque singularit√© est une richesse unique, et nos diff√©rences sont une force. Nous accompagnons les personnes en situation de handicap ou n√©cessitant des am√©nagements, pendant leur recrutement, leur prise de poste et tout au long de leur carri√®re. Ensemble, construisons un environnement plus inclusif et respectueux.",,il y a 14 jours,"Bac +5,Secteur informatique ‚Ä¢ ESN,Exp. 1 √† 7 ans,Lyon 7e - 69,CDI",R√©sum√© de l'offre,
Kicklox,üè° T√©l√©travail partiel,CDI,63092614,Data Analyst H/F,https://www.hellowork.com/fr-fr/emplois/63092614.html,Lyon - 69,"L'offre
Secteurs
Automobile, A√©ronautique, Spatial, D√©fense & S√©curit√©, Ferroviaire, T√©l√©communications, Energie, Services & Syst√®mes d'Informations, Chimie / P√©trochimie, Digital & E-Commerce, Naval, Machines & Industrie Lourde, Pharmaceutique / Biotechnologie, Banque & Assurance, BTP
Description de l'offre
Nous recrutons pour l'un de nos clients un Data Analyst, √† pourvoir d√®s que possible. Ce professionnel aura pour mission :
- Collecter, traiter et analyser des donn√©es volumineuses pour g√©n√©rer des insights significatifs.
- Cr√©er des rapports et des tableaux de bord pour aider √† la prise de d√©cision.
- Travailler en collaboration avec les √©quipes d'affaires pour comprendre leurs besoins en donn√©es.
- Utiliser des outils statistiques et de visualisation pour pr√©senter les donn√©es de mani√®re efficace.
- Assurer la qualit√© des donn√©es et maintenir l'int√©grit√© des syst√®mes de donn√©es.
Missions √† r√©aliser
Collecter, analyser et interpr√©ter les donn√©es pour fournir des insights actionnables et soutenir la prise de d√©cision.
Modalit√©s
- Date de d√©marrage : d√®s que possible
- Date de fin : non sp√©cifi√©e
- Candidats recherch√©s : 1
- Exp√©rience : 6+ ans
- Type de contrat : CDI, Temps complet
- R√©mun√©ration : 45000 ‚Ç¨ - 55000 ‚Ç¨ par an selon exp√©rience
- Localisation : 8th arrondissement, Lyon, France
- T√©l√©travail partiel","Le profil recherch√©
Comp√©tences requises
Analyse de donn√©es, SQL, Excel, Tableau, Power BI, statistiques, Mod√©lisation des donn√©es, Visualisations, Documentation
Description du profil
- Solide ma√Ætrise des outils d'analyse de donn√©es (SQL, Excel, Tableau, Power BI) - Comp√©tences en statistiques et mod√©lisation des donn√©es - Capacit√© √† cr√©er des rapports et des visualisations de donn√©es - Excellentes comp√©tences en communication et en documentation - Capacit√© √† analyser les besoins m√©tiers et √† fournir des insights actionnables - Esprit analytique et attention aux d√©tails - Capacit√© √† travailler en √©quipe et √† respecter les d√©lais
Langues
Fran√ßais",il y a 10 jours,",T√©l√©travail partiel,Bac +5,Industrie Auto ‚Ä¢ Meca ‚Ä¢ Navale,Exp. 1 √† 7 ans,Exp. + 7 ans,Lyon - 69,CDI",R√©sum√© de l'offre,
Amiltone,üè° T√©l√©travail partiel,CDI,65247236,Data Analyst H/F,https://www.hellowork.com/fr-fr/emplois/65247236.html,Villeurbanne - 69,"Les missions d'un Amiltonien :
En tant que Data Analyst  (H/F), vous serez en charge des missions suivantes :
- Cadrer et challenger les besoins de nos m√©tiers
- Elaborer la strat√©gie, analyser, concevoir et d√©velopper les traitements de donn√©es
- Optimiser les flux existants
- Contr√¥ler la qualit√© des donn√©es
- Analyser les incidents de production et apporter des solutions
La stack technique :
- Power BI","Profil recherch√©
Alors ? Pr√™t √† devenir Amiltonien ?
N'h√©sitez pas √† postuler si vous vous reconnaissez :
- Dipl√¥m√© d'un Bac +3/+5 (Licence, √©cole d'ing√©nieur ou master), vous avez 3 ans d'exp√©rience en tant que Data Analyst/ Ing√©nieur.
- Vous aimez d√©couvrir de nouveaux contextes fonctionnels et comprendre les objectifs des applications que vous d√©veloppez.
- A l'aise dans une organisation agile, vous faites preuve de rigueur.
Outre vos comp√©tences techniques, nous nous int√©ressons √©galement √† votre potentiel et votre motivation.
Nos postes sont ouverts aux personnes en situation de handicap.",il y a 2 jours,",T√©l√©travail partiel,Bac +5,Secteur informatique ‚Ä¢ ESN,Exp. 1 √† 7 ans,Villeurbanne - 69,CDI",R√©sum√© de l'offre,
Viveris.,üè° T√©l√©travail partiel,CDI,64653618,D√©veloppeur Dbt - Data Analyst Engineer H/F,https://www.hellowork.com/fr-fr/emplois/64653618.html,Lyon 1er - 69,"Contexte de la mission :
Dans le cadre de sa strat√©gie de valorisation de la donn√©e, un acteur majeur du secteur des t√©l√©communications renforce son √©quipe Data sur un projet cl√© de transformation et de mod√©lisation analytique.
Vous int√©grerez une √©quipe dynamique et pluridisciplinaire pour concevoir, maintenir et optimiser les mod√®les de donn√©es dans un entrep√¥t cloud structur√© autour des bonnes pratiques modernes de data engineering.
L'objectif de la mission est de garantir la fiabilit√©, la performance et la maintenabilit√© des pipelines de transformation, en lien √©troit avec les √©quipes Data Engineering, BI et Produit.
Responsabilit√©s :
Concevoir, d√©velopper et documenter des mod√®les de transformation SQL √† l'aide de DBT (Data Build Tool), en respectant les standards de qualit√© et de performance attendus;
Collaborer avec les √©quipes Data Engineering, BI et Produit pour comprendre les besoins m√©tiers et proposer des mod√®les pertinents;
Mettre en place des tests de donn√©es automatis√©s (tests DBT, assertions) pour garantir l'int√©grit√© des donn√©es;
Contribuer √† l'automatisation des workflows de transformation via des outils d'orchestration tels qu'Airflow, dbt Cloud ou GitHub Actions.","Profil recherch√© :
De formation Bac +5 en informatique, data engineering ou √©quivalent, vous justifiez d'une exp√©rience d'au moins 2 ans sur des projets de transformation de donn√©es en environnement cloud ou data warehouse et disposant des qualit√©s suivantes :
Esprit d'analyse et rigueur dans la manipulation de donn√©es
Bonne communication et esprit collaboratif
Autonomie et capacit√© √† documenter de mani√®re claire les travaux r√©alis√©s
Comp√©tences techniques (si requises) :
DBT (Core ou Cloud)SQL avanc√©Orchestration : Airflow, dbt Cloud, GitHub ActionsGit / GitHubPython (atout compl√©mentaire)
Nos avantages :
R√©mun√©ration attractive et √©volutive ; Mutuelle familiale √† garantie haute ; Tickets restaurant pris en charge √† 60% ; 100% du titre de transport urbain rembours√© ; 2 jours de t√©l√©travail par semaine ; Formation continue avec Linkedin Learning et nos communaut√©s techniques.",il y a 16 jours,"35‚ÄØ000 - 45‚ÄØ000 ‚Ç¨ / an,,T√©l√©travail partiel,Bac +5,Secteur informatique ‚Ä¢ ESN,Exp. 1 √† 7 ans,Lyon 1er - 69,CDI",R√©sum√© de l'offre,35‚ÄØ000 - 45‚ÄØ000 ‚Ç¨ / an
Groupe Menway,üåó Jour,Stage,65222477,Stage Ao√ªt - Business & Data Analyst Assistant H/F,https://www.hellowork.com/fr-fr/emplois/65222477.html,Lyon 2e - 69,"Reporting & Support Commercial :
- Cr√©ation et mise √† jour de dashboards (Power BI, Excel)
- R√©alisation d'analyses ad-hoc selon les besoins des √©quipes business
- Suivi de la performance des produits (sell-in/sell-out, top performers, etc.)
Analyses Statistiques :
- √âtudes sur les cycles de vie des produits, elasticit√© prix, pr√©commandes...
- Segmentation clients et produits, tests d'hypoth√®se, mod√©lisation simple
Market Monitoring :
- Cr√©ation de newsletters & rapports de tendances march√©
- R√©daction de synth√®ses internes et automatisation de reporting
- Benchmark concurrentiel r√©gulier
Support √† l'√©quipe DataLab :
- Participation √† la qualit√© des donn√©es (nettoyage, v√©rification, mapping)
- Soutien aux projets d'√©volution des mod√®les et outils internes","Formation & Background :
- √âtudiant(e) Bac +5 (√©cole de commerce, √©cole d'ing√©nieurs, universit√©)
- Sp√©cialisation en statistiques, data analysis, data science ou √©quivalent
- Une premi√®re exp√©rience en entreprise est un vrai plus (stage/alternance)
- Int√©r√™t pour le secteur du jeu vid√©o fortement appr√©ci√©
Hard Skills :
- Bonne ma√Ætrise des statistiques : mod√©lisation, r√©gression, clustering...
- Ma√Ætrise de Python (pandas, seaborn, numpy...), SQL & Power BI
- Comp√©tences avanc√©es sur Excel (TCD, macros, formules)
- Capacit√© √† communiquer efficacement en anglais, √† l'√©crit comme √† l'oral
Soft Skills :
- Esprit d'√©quipe, bon relationnel, rigueur
- Curiosit√©, proactivit√©, capacit√© √† √©couter et √† comprendre les besoins m√©tiers
- Go√ªt prononc√© pour l'analyse, les donn√©es et les environnements exigeants
Int√©ress√©(e) par cette offre ? N'h√©sitez plus, postulez !",il y a 2 jours,"800 - 1‚ÄØ200 ‚Ç¨ / mois,,Jour,,6 mois,Bac +5,Services aux Entreprises,Exp. - 1 an,Lyon 2e - 69,Stage",R√©sum√© de l'offre,800 - 1‚ÄØ200 ‚Ç¨ / mois
Rubix France,,Alternance,63551926,Data Analyst - Engineer en Alternance H/F,https://www.hellowork.com/fr-fr/emplois/63551926.html,Lyon 7e - 69,"Vous r√™vez d'allier commerce et expertise technique dans un environnement dynamique et innovant ?
Rejoignez Rubix France en tant que :

Data Analyst / Engineer en alternance  (H/F) √†  Lyon
En rejoignant Rubix, vous serez immerg√© au sein du si√®ge √† Lyon. Vous serez accompagn√© par votre tuteur qui sera votre interlocuteur privil√©gi√© pour r√©pondre √† vos questions, vous former et faciliter votre mont√©e en comp√©tences.
Dans le cadre de notre activit√© au sein de l'√©quipe Datalake & Digital Marketing, nous recherchons un.e alternant.e en Data Analysis / Data Engineering pour renforcer notre √©quipe.
Cette ann√©e, nous entamons un projet de migration d'√©cosyst√®me technologique √† grande √©chelle, en coh√©rence avec la strat√©gie IT du Groupe Rubix. Le ou la candidate s√©lectionn√©.e interviendra en support op√©rationnel, afin de garantir la continuit√© de nos activit√©s data tout en contribuant, selon les besoins, √† la mise en oeuvre de la nouvelle plateforme.
Missions principales
- R√©aliser des analyses de donn√©es pour r√©pondre aux besoins m√©tiers
- Maintenir, faire √©voluer et documenter des tableaux de bord existants (Qlik Sense / Power BI)
- Participer √† la mod√©lisation des donn√©es pour optimiser les flux et leur traitement
- Contribuer √† l'automatisation de t√¢ches et de reporting
- √ätre force de proposition pour am√©liorer les processus analytiques dans un contexte de transformation
Ce que vous gagnerez en nous rejoignant :
- Faire partie d'une communaut√© de plus de 150 alternants partout en France
- Des missions enrichissantes et vari√©es, des journ√©es garanties, sans monotonie et qui mettent la satisfaction client au coeu de vos pr√©occupations
- La chance d'apprendre et d'√©voluer au sein d'une entreprise leader de son march√©, dans un environnement exigeant qui vous poussera vers l'excellence
- Une ambiance de travail chaleureuse, bienveillante et conviviale #TousRubix
- Une premi√®re exp√©rience dans un m√©tier et un secteur en pleine croissance dans le cadre des enjeux de r√©industrialisation en France","Comp√©tences recherch√©es
- Connaissances en BI : Qlik Sense, Power BI (autres outils bienvenus)
- Ma√Ætrise du SQL ; notions en Python ou autres langages de data processing appr√©ci√©es
- Bon niveau d'anglais (lu, √©crit, parl√©)
- Capacit√© d'analyse, rigueur, sens du d√©tail
- Go√ªt du travail en √©quipe et bonne communication
Profil souhait√©
√âtudiant.e en Master (Bac +4/5) ou √©cole d'ing√©nieur avec une sp√©cialisation en :
- Data Science
- Statistiques / Math√©matiques appliqu√©es
- Informatique / Big Data
Mais surtout, vous √™tes :
Autonome : Vous savez faire preuve de maturit√© dans la conduite de vos missions.
Dynamique : Vous √™tes actif et √©nergique.
Rigoureux : Vous avez le sens du d√©tail et le go√ªt du travail bien fait.
Vous serez int√©gr√© √† l'√©quipe comme un collaborateur √† part enti√®re. Venez grandir avec nous.
Si vous partagez nos valeurs et notre passion pour le monde industriel, rejoignez #Rubix France !",il y a 13 jours,"486,49 - 1‚ÄØ801,80 ‚Ç¨ / mois,Bac +3, Bac +4,Bac +5,Distribution ‚Ä¢ Commerce de gros,Lyon 7e - 69,Alternance",R√©sum√© de l'offre,"486,49 - 1‚ÄØ801,80 ‚Ç¨ / mois"
BPCE Solutions informatiques,üè° T√©l√©travail partiel,CDI,64504609,Data Analyst IT H/F,https://www.hellowork.com/fr-fr/emplois/64504609.html,Villeurbanne - 69,"Entreprise humaine et engag√©e, notre politique de Responsabilit√© sociale de l'entreprise porte des sujets cl√©s comme la mixit√©, la diversit√©, le handicap, la qualit√© de vie au travail et le d√©veloppement durable.
Plus de 80 m√©tiers sont pr√©sents au sein de BPCE SI et plus de 50 technologies et langages de d√©veloppement sont utilis√©s dans nos solutions bancaires !
Passionn√©(e) par l'informatique et envie de nouveaux challenges ? Rejoignez nos √©quipes d'experts et intervenez sur nos projets innovants en utilisant les derni√®res tendances technologiques (IA g√©n√©rative, Low Code / No Code, Cloud, DEVOPS).
Alors, pour booster votre carri√®re et profiter de la diversit√© des terrains de jeux que proposent BPCE Solutions informatiques et le Groupe BPCE, rejoignez-nous !
Poste et missions
Data Analyst IT Usages Retail Equinoxe
Au sein du Domaine Usages Data, le produit Data Usages Retail Equinoxe instruit et r√©alise l'ensemble des besoins Data sur le SI D√©cisionnel de tous les m√©tiers du groupe BPCE et des Banques Populaires (hors Risques et Finance).
Vos missions :
- Analyse de donn√©es : Identifier, extraire et analyser les donn√©es pour accompagner les √©quipes m√©tiers dans leurs projets li√©s √† la data.
- Recueil des besoins : Collaborer avec les m√©tiers et les banques pour recueillir les besoins fonctionnels et √©valuer leur faisabilit√©.
- Sp√©cifications fonctionnelles : R√©diger les sp√©cifications fonctionnelles en fonction des besoins identifi√©s.
- Organisation des tests : Planifier et coordonner les phases de recette, accompagner les banques durant les tests, et assurer le reporting aupr√®s des parties prenantes (Product Owner, Business Owner, Scrum Master).
- Maintenance et incidents : Participer √† la maintenance des syst√®mes et aider √† la r√©solution des incidents en mode produit.
- Support d'expertise : Fournir un soutien pour des demandes d'expertises ponctuelles.
Profil et comp√©tences requises
L'√©tat d'esprit de l'√©quipe ? Ensemble, mais avec autonomie ! Nous croyons en l'action tourn√©e vers l'entreprise et nos clients, √† l'efficacit√©, √† l'initiative et √† l'innovation !
Votre profil ? Vous √™tes un(e) professionnel(le) aguerri(e), titulaire d'un Bac +5 en √©cole d'ing√©nieur ou dans un cursus universitaire (data, statistiques, etc.). Voici ce qui compte vraiment :
- Exp√©rience technique : Vous avez plusieurs ann√©es d'exp√©rience dans un poste similaire, et cela se voit !
- Ma√Ætrise des outils de reporting : Vous √™tes √† l'aise avec des outils comme PowerBI et vous aimez donner vie aux donn√©es par votre communication orale et √©crite.
- Comp√©tences en SQL : Vous avez une excellente ma√Ætrise du langage SQL, vous permettant d'extraire et de manipuler les donn√©es avec aisance.
- Expertise informatique : Vous avez une solide compr√©hension du monde informatique, accompagn√©e d'un sens aigu de l'exigence.
- Autonomie et esprit d'√©quipe : Vous savez travailler de mani√®re autonome tout en cultivant un v√©ritable esprit d'√©quipe.
- Enthousiasme et dynamisme : Votre √©nergie et votre envie de rejoindre une √©quipe jeune et dynamique sont contagieuses !
- Connaissance du secteur bancaire : Un atout suppl√©mentaire qui fera la diff√©rence.
Informations compl√©mentaires sur le poste
Organisation du temps de travail : Poste en forfait jours.
Notre processus de recrutement :
Notre processus de recrutement se d√©roule en 3 phases :
- Un √©change t√©l√©phonique avec nos √©quipes RH afin de comprendre votre projet professionnel
- Un √©change en visio ou sur site avec nos √©quipes RH pour faire plus ample connaissance et pr√©senter nos projets
- Un √©change en visio ou sur site avec le/la futur/e manager et √©ventuellement votre future √©quipe
Nos avantages ?
BPCE SI, c'est un cadre de travail agr√©able avec un accompagnement de proximit√©, des formations, de multiples √©volutions possibles au sein du groupe.
Un package de r√©mun√©ration attrayant comprenant une part variable sur objectif individuel et une prime d'int√©ressement.
80 % de prise en charge des frais de transports en commun !
Environ 9 semaines de cong√©s annuels (cong√©s et RTT)
T√©l√©travail hybride ! 30 jours de t√©l√©travail par trimestre et flexibilit√© des horaires
Une politique familiale, des aides et une flexibilit√© pour les collaborateurs aidants, les parents et futurs parents.
Acc√®s √† un Plan Epargne Entreprise avec abondement ! Et un tr√®s bon niveau de protection sociale.
Un CSE actif ! Des locaux attractifs et des comit√©s d'animations par site
Et bien plus encore !  Nous pourrons en discuter en entretien !
A bient√¥t !
L'√©quipe RH",,il y a 21 jours,",T√©l√©travail partiel,Bac +5,Banque ‚Ä¢ Assurance ‚Ä¢ Finance,Villeurbanne - 69,CDI",R√©sum√© de l'offre,
Unlck Recrutement,,CDI,64652503,Data Analyst en CDI H/F,https://www.hellowork.com/fr-fr/emplois/64652503.html,Lyon - 69,"Envie de rejoindre une entreprise innovante et en forte croissance qui transforme en profondeur un secteur encore trop traditionnel ? Cette entreprise digitalise l'accompagnement des entrepreneurs gr√¢ce √† une plateforme tech-first, utilis√©e chaque jour par plus de 25 000 clients. Leur mission : rendre la compta simple, efficace et accessible √† tous.
La base
- Un CDI chez le client
- 400 collaborateurs
- Locaux situ√© √† proximit√© de Lyon
- √âquipe data : 5 personnes
- N+1 : engineering manager
La stack
- GCP
- BigQuery
- Dbt, Airflow, Airbyte
- Metabase, Looker Studio
- GitLab, CI/CD
Vos missions
- Elaborer des requ√™tes SQL
- G√©n√©rer des rapports d'analyse et des dashboards
- Cr√©er et maintenir les tableaux de bord pour les √©quipes en interne
- Echanger r√©guli√®rement avec les profils m√©tier pour comprendre au mieux leurs besoins","- Id√©alement, vous avez suivi une formation sup√©rieure en informatique ou en √©cole de commerce
- Vous disposez d'au moins 5 ans d'exp√©rience en tant que data analyst
- Vous √™tes familier avec les technos et outils mentionn√©s ci-dessus (GCP, BigQuery, DBT, Airflow...)
- Vous √™tes (tr√®s) √† l'aise sur les requ√™tes SQL
- La pro-activit√©, la polyvalence, la bonne communication et l'ambition sont des qualit√©s qui vous caract√©risent",il y a 16 jours,"40‚ÄØ000 - 55‚ÄØ000 ‚Ç¨ / an,Bac +3, Bac +4,Bac +5,Services aux Entreprises,Secteur informatique ‚Ä¢ ESN,Exp. 1 √† 7 ans,Exp. + 7 ans,Lyon - 69,CDI",R√©sum√© de l'offre,40‚ÄØ000 - 55‚ÄØ000 ‚Ç¨ / an
RTE,üè° T√©l√©travail partiel,Alternance,64574851,Alternance - Ing√©nieur d'Analyse de Donn√©e et Pilotage d'Activit√© H/F,https://www.hellowork.com/fr-fr/emplois/64574851.html,Jonage - 69,"Rattach√©(e) √† la Direction des Ressources Humaines, vous rejoindrez l'√©quipe acad√©mie compos√©e de 7 personnes, situ√©e √† JONAGE (69).
Cette √©quipe est en charge de diriger et de piloter le d√©partement.
En tant qu'Alternant(e) Ing√©nieur(e) d'analyse de donn√©e et pilotage d'activit√©, vous serez amen√©(e) √† :
1- Analyse et fiabilisation des donn√©es :
- √âtudier les sources de donn√©es internes et externes.
- Proposer des solutions pour am√©liorer leur qualit√©, leur fiabilit√© et leur structuration.
- Veiller √† la conformit√© des donn√©es avec les r√©glementations en vigueur (RGPD, etc.).
2 - Conception et suivi des indicateurs cl√©s de performance (KPI) :
- Identifier, concevoir et documenter les indicateurs n√©cessaires √† l'√©valuation de l'activit√©.
- Mesurer les performances du centre (efficacit√© p√©dagogique, satisfaction, rentabilit√©, etc.).
3 - D√©veloppement de reporting et tableaux de bord :
- Cr√©er des tableaux de bord interactifs et dynamiques (avec Excel, Power BI, ou autres outils).
- Automatiser les rapports p√©riodiques pour faciliter le suivi des performances.
4 - Am√©lioration des processus internes :
- Cartographier les processus existants li√©s √† l'organisation des formations.
- Proposer des pistes d'optimisation et des outils de suivi des am√©liorations mises en oeuvre.","Vous recherchez un contrat d'alternance d'une dur√©e de 1 ou 2 ans pour pr√©parer un niveau Bac +5 du type master, cycle d'ing√©nieur ou √©cole de commerce avec une sp√©cialisation en Data Science, informatique d√©cisionnelle, gestion de projet ou performance des organisations.
Vos qualit√©s :
- Vous √™tes autonome.
- Vous avez le sens du travail en √©quipe.
- Vous √™tes curieux(se).
- Vous savez √©couter attentivement.
- Vous poss√©dez un esprit analytique.
- Vous √™tes m√©thodique.
- Vous faites preuve de rigueur.
- Vous √™tes adaptable.
Vos comp√©tences :
- Vous ma√Ætrisez le Pack Office, notamment Excel.
- Vous avez une bonne ma√Ætrise des traitements de bases de donn√©es (SQL).
Vous souhaitez jouer un r√¥le cl√© dans la transition √©nerg√©tique et contribuer √† un avenir plus durable ? Rejoignez-nous !
En vous formant en alternance √† nos c√¥t√©s, vous choisissez la voie de la r√©ussite :
- 500 alternants form√©s en moyenne chaque ann√©e
- 95% de nos alternants obtiennent leur dipl√¥me
- 25% minimum d'alternants recrut√©s √† l'issue de leur formation
- Un tuteur form√© pour transmettre un savoir, vous guider dans la r√©alisation de vos missions et l'entreprise, et faire le lien avec votre √©tablissement de formation
- De vrais + : selon le niveau d'√©tudes, un salaire de 45 √† 82% du SMIC, une aide financi√®re au logement et √† l'obtention du permis B (sous conditions), la prise en charge partielle de vos frais de transport domicile-travail, une couverture sant√© compl√®te, jusqu'√† 9 jours de t√©l√©travail/mois, de 27 √† 30 jours de cong√©s pay√©s (selon votre contrat) et des jours pour pr√©parer vos examens, une prime d'int√©ressement, l'acc√®s au Plan d'Epargne Groupe...
... L'alternance RTE, un bon plan sur tous les plans !
La Politique diversit√© de RTE a pour ambition d'ouvrir l'entreprise √† toutes les comp√©tences et de garantir l'√©quit√©, en termes d'√©galit√© des chances, d'inclusion et de lutte contre toutes formes de discrimination. Selon ces principes, nous conduisons une politique active en faveur de l'inclusion des personnes en situation de handicap permettant √† tous d'avoir un parcours professionnel √©quitable. Si vous √™tes dans cette situation, faites-nous part de vos √©ventuels besoins sp√©cifiques afin que nous puissions y apporter une r√©ponse adapt√©e.
MENTIONS LEGALES :
Dans le cadre des activit√©s relatives √† l'emploi propos√©, vous pouvez √™tre amen√©(e) √† acc√©der √† un (ou des) site(s) relevant de la responsabilit√© de RTE. A cette fin et dans le respect des articles R1332-22-1 et suivants du Code de la D√©fense, nous vous informons qu'une enqu√™te administrative est susceptible d'√™tre r√©alis√©e √† notre demande par l'autorit√© administrative, afin de v√©rifier qu'aucun fait vous concernant n'est incompatible avec l'acc√®s envisag√©.",il y a 20 jours,",T√©l√©travail partiel,,18 mois,Bac +5,Secteur Energie ‚Ä¢ Environnement,Jonage - 69,Alternance",R√©sum√© de l'offre,
Sysco France,‚è±Ô∏è 1 an,Alternance,64505615,Charg√© Analyse de Donn√©es Alt. H/F,https://www.hellowork.com/fr-fr/emplois/64505615.html,Limonest - 69,"Rejoins l'aventure Sysco pour r√©aliser ton alternance 2025/2026 !
Sysco est le leader mondial de distribution de produits alimentaires et non alimentaires pour les professionnels de la restauration
Notre engagement : s√©lectionner et distribuer les meilleurs produits pour une restauration gourmande, respectueuse des hommes, de leur sant√© et de l'environnement
Nous recrutons, dans le cadre d'un contrat d'alternance d'une dur√©e de 12 √† 24 mois, sur notre site de LIMONEST (69) un(e) :
UN CHARGE D'ANALYSE DE DONNEES/ETUDES MARKETING H/F
Rattach√©(e) au Responsable des √©tudes marketing France, vous participez √† l'ensemble des analyses n√©cessaires √† la parfaite connaissance du march√© et des clients pour fournir √† la Direction Marketing et Commerciale les informations utiles √† la d√©finition des strat√©gies et au pilotage de leur performance.
En tant qu'alternant/e, vous b√©n√©ficierez d'un parcours d'int√©gration organis√© par votre manager vous permettant d'√©voluer dans un environnement stimulant.
Vos missions principales :
Construire et r√©aliser des analyses d√©taill√©es pour mieux comprendre les dynamiques de nos actions commerciales et marketing.
Participer aux r√©unions de suivi de la performance pour partager les r√©sultats de vos analyses.
Assurer la veille sur les meilleures pratiques en mati√®re de reporting.
Suivre et analyser les panels march√©s professionnels relatifs √† l'activit√© de Sysco France.
Participer √† l'analyse des √©tudes sectorielles et √† la mise en place d'outils de recherche d'insights march√© et clients.
R√©aliser une veille de march√©
Votre profil :
De formation Bac +3 Bac +4
Vous recherchez une alternance de 12 √† 24 mois.
Curieux(se) et autonome, vous √™tes capable de faire preuve d'adaptabilit√© et d'√™tre force de proposition.
Vous √™tes reconnu(e) pour vos qualit√©s r√©dactionnelles, votre esprit de synth√®se et votre sens de l'analyse.
Vous ma√Ætrisez le Pack Office. Vous utiliserez notamment Word, Excel, PowerPoint, SharePoint et Teams.
Vous avez d√©j√† travaill√© avec des outils d'analyse de donn√©es (Business Object, Sisence...)
Votre curiosit√©, votre go√ªt des chiffres et votre autonomie seront des atouts indispensables pour r√©ussir sur cette mission.
Et ¬´ Sy ¬ª tu te reconnais dans le profil ci-dessous, on attend ton CV !
¬´ ET SY VOTRE TALENT √âTAIT NOTRE MEILLEUR INGREDIENT ? ¬ª
Le saviez-vous ?
Sysco favorise l'embauche de personne en situation de handicap et d√©veloppe une politique active pour garantir la s√©curit√© de l'ensemble de ses collaborateurs.",,il y a 21 jours,"486,49 - 1‚ÄØ801,80 ‚Ç¨ / mois,,1 an,Bac +5,Distribution ‚Ä¢ Commerce de gros,Limonest - 69,Alternance",R√©sum√© de l'offre,"486,49 - 1‚ÄØ801,80 ‚Ç¨ / mois"
EDF,,Alternance,64330306,Alternance - Charg√©e - Charg√© de Projets Data & Analyste de Donn√©es H/F,https://www.hellowork.com/fr-fr/emplois/64330306.html,Lyon - 69,,"A la rentr√©e 2025, vous serez titulaire :
- D'un Bac +2 (scientifique ou technique), et vous souhaitez pr√©parer un dipl√¥me d'ing√©nieur (Ing√©nieur Data Analyse, Ing√©nieur g√©n√©raliste, Ing√©nieur en science du num√©rique, Ing√©nieur Data Engineering, Ing√©nieur Data Science and business d√©cision...) sur 3 ans en alternance,  dans le cadre d'un contrat d'apprentissage.
- Ou d'un Bac +3 et vous souhaitez pr√©parer un Master 2 (data manager, big data...) sur 2 ans en alternance, dans le cadre d'un contrat d'apprentissage.
Comp√©tences et qualit√©s recherch√©es
Comp√©tences m√©tier qui pourront √™tre mises en oeuvre ou √† d√©velopper :
Outils bureautiques (Word, Excel, PowerPoint...)
Outils de DataViz (PowerBi...)
Outils Data (Dbeaver, ODBC, Python, R, SQL...) (sous r√©serve d'utilisation) et connaissance en manipulation et gestion de BDD
Connaissance des architectures client l√©ger (JAVA, Angular)
Qualit√© attendues :
Capacit√© √† suivre de front plusieurs projets dans des environnements techniques similaires,
Capacit√©s relationnelles et r√©dactionnelles, et notamment dans l'aptitude √† expliquer des concepts techniques √† des non sp√©cialistes ou dans des comit√©s de pilotage / instances d√©cisionnelles
Aptitude au travail en autonomie et en √©quipe
Bon relationnel,
Ce qu'EDF peut vous offrir
Avantages
Vous d√©m√©nagez pour votre alternance ? EDF peut vous aider √† financer une partie de votre loyer.
Vous profitez des activit√©s sociales de l'entreprise
Vous b√©n√©ficiez d'une prime d'int√©ressement et d'une couverture sociale.
Vous serez rembours√© de 50% de votre titre de transport
Dans le groupe EDF accueillir des personnes en situation de handicap fait partie de notre ADN. Notre objectif est d'ouvrir nos portes √† toutes les comp√©tences, toutes les √©nergies et toutes les personnalit√©s sans exclusion. Le poste propos√© est donc ouvert √† toutes et √† tous.
Rejoindre EDF c'est int√©grer :
Un Groupe international  qui innove pour d√©velopper des √©nergies neutres en CO2. Avec 230 m√©tiers diff√©rents il y en a forc√©ment un pour vous !
Une entreprise engag√©e dans l'accueil et la formation des √©tudiants + de 90% des √©tudiants recommandent EDF l'issue de leur alternance ou de leur stage (source : enqu√™te Happy Trainees 2024)
Une opportunit√© vers une embauche. En 2024, 56% des recrutements de jeunes dipl√¥m√©s √©taient issus de l'alternance et du stage",il y a 25 jours,"486,49 - 1‚ÄØ801,80 ‚Ç¨ / mois,Bac +2,Bac +3, Bac +4,Bac +5,Secteur Energie ‚Ä¢ Environnement,Lyon - 69,Alternance",R√©sum√© de l'offre,"486,49 - 1‚ÄØ801,80 ‚Ç¨ / mois"
BPCE Solutions informatiques,üè° T√©l√©travail partiel,CDI,62047261,Data Analyst IT - Aix Lille Lyon Nantes Orl√©ans Paris Perpignan Rennes Rouen Toulouse H/F,https://www.hellowork.com/fr-fr/emplois/62047261.html,Villeurbanne - 69,"Entreprise humaine et engag√©e, notre politique de Responsabilit√© sociale de l'entreprise porte des sujets cl√©s comme la mixit√©, la diversit√©, le handicap, la qualit√© de vie au travail et le d√©veloppement durable.
Plus de 80 m√©tiers sont pr√©sents au sein de BPCE SI et plus de 50 technologies et langages de d√©veloppement sont utilis√©s dans nos solutions bancaires !
Passionn√©(e) par l'informatique et envie de nouveaux challenges ? Rejoignez nos √©quipes d'experts et intervenez sur nos projets innovants en utilisant les derni√®res tendances technologiques (IA g√©n√©rative, Low Code / No Code, Cloud, DEVOPS).
Alors, pour booster votre carri√®re et profiter de la diversit√© des terrains de jeux que proposent BPCE Solutions informatiques et le Groupe BPCE, rejoignez-nous !
Poste et missions
Au sein de la plateforme ¬´ Distribution et Data ¬ª, vous int√©grez le produit ¬´ DATA USAGES RETAIL MYSYS ¬ª en tant que Data Analyst IT.
Vous participerez activement aux projets lanc√©s et √† la maintenance du patrimoine applicatif (BUILD et RUN) au sein d'une √©quipe multi-sites.
Vous accompagnerez les m√©tiers et les √©tablissements dans la mise en oeuvre de leurs usages Data, sur les Activit√©s Bancaires, le Pilotage Commercial, le pilotage des produits bancaires (Cr√©dits et Financement, Assurances, Mon√©tique, offres et Services) la Connaissance Client, le suivi des Ventes et parcours digitaux.
A ce titre, vos principales missions seront :
- Comprendre les besoins m√©tiers pour proposer les solutions attendues
- G√©rer et enrichir les patrimoines des donn√©es expos√©es (Datamarts et Outils de DataVisualisation) en regard des usages m√©tiers
- Simplifier l'exposition des donn√©es pour faciliter les usages m√©tiers dans les √©tablissements
Vous contribuerez √† :
- Analyser et cadrer les demandes m√©tiers et projets DATA
- Mener les projets confi√©s pour r√©pondre aux besoins m√©tiers et √† la satisfaction utilisateur
- Assurer la conception fonctionnelle et technique des solutions DATA r√©pondant aux usages m√©tiers
- Assurer l'expertise fonctionnelle des applications du patrimoine produit
- R√©pondre aux sollicitations diverses des √©tablissements Caisses d'Epargne, Communaut√© BPCE et autres Directions M√©tiers autour de la DATA.
Profil et comp√©tences requises
Dipl√¥m√©(e) d'une √©cole d'ing√©nieur ou d'un Master Informatique D√©cisionnel de niveau Bac +4/5, vous disposez d'une exp√©rience de 5 ans minimum sur un poste similaire et vous recherchez une entreprise o√π vous pourrez mettre en pratique vos connaissances dans ce domaine.
Vous poss√©dez une app√©tence m√©tiers et usages DATA et vous √™tes force de proposition pour construire des solutions r√©pondant aux besoins m√©tiers. La connaissance du domaine bancaire est un plus.
Dot√©(e) d'un bon relationnel, vous √™tes √©galement reconnu(e) pour capacit√© √† communiquer vers les m√©tiers pour promouvoir nos r√©alisations et interagir avec des interlocuteurs vari√©s. Votre autonomie, esprit d'√©quipe, et votre sens du service et du r√©sultat sont √©galement des atouts pour ce poste.
Comp√©tences techniques requises :
- Le poste n√©cessite une expertise du langage SQL, des environnements et outils d√©cisionnel (PowerAMC, SEMARCHY, VTOM, PWBI, DATAPREP, DATAVIZ...)
- Une ma√Ætrise des outils DEVOPS (XLR/XLD, GIT, JENKINS...) est √©galement attendue
- ma√Ætrise de la m√©thodologie AGILE (M√©thodes SCRUM et KANBAN, outillage JIRA/Confluence).
Si vous vous reconnaissez dans ce profil, alors ce poste est fait pour vous
Informations compl√©mentaires sur le poste
Notre processus de recrutement
Notre processus de recrutement se d√©roule en 3 phases :
- Un √©change t√©l√©phonique avec nos √©quipes RH afin de comprendre votre projet professionnel
- Un √©change en visio ou sur site avec nos √©quipes RH pour faire plus ample connaissance et pr√©senter nos projets
- Un √©change en visio ou sur site avec le/la futur/e manager et √©ventuellement votre future √©quipe
Nos avantages ?
BPCE SI, c'est un cadre de travail agr√©able avec un accompagnement de proximit√©, des formations, de multiples √©volutions possibles au sein du groupe.
Un package de r√©mun√©ration attrayant comprenant une part variable sur objectif individuel et une prime d'int√©ressement.
80 % de prise en charge des frais de transports en commun !
Environ 9 semaines de cong√©s annuels (cong√©s et RTT)
T√©l√©travail hybride ! 30 jours de t√©l√©travail par trimestre et flexibilit√© des horaires
Une politique familiale, des aides et une flexibilit√© pour les collaborateurs aidants, les parents et futurs parents.
Acc√®s √† un Plan Epargne Entreprise avec abondement ! Et un tr√®s bon niveau de protection sociale.
Un CSE actif ! Des locaux attractifs et des comit√©s d'animations par site
Et bien plus encore !  Nous pourrons en discuter en entretien !
A bient√¥t !
L'√©quipe RH",,il y a 17 jours,",T√©l√©travail partiel,Bac +5,Banque ‚Ä¢ Assurance ‚Ä¢ Finance,Exp. 1 √† 7 ans,Exp. + 7 ans,Villeurbanne - 69,CDI",R√©sum√© de l'offre,
Axeria iard,üè° T√©l√©travail partiel,CDI,64155310,Data Quality Analyst H/F,https://www.hellowork.com/fr-fr/emplois/64155310.html,Lyon 3e - 69,"Vous souhaitez √™tre au coeur des sujets d'analyse de la qualit√© des donn√©es et rattach√© directement au Responsable technique, nous vous proposons de nous rejoindre en tant que Data Quality Analyst.
Au sein d'une soci√©t√© d'assurance en fort d√©veloppement, vous interviendrez sur un projet strat√©gique pour structurer la gestion des donn√©es.
Dans ce cadre vous aurez pour mission :
- Assurer la mise en oeuvre, le suivi, l'analyse de la qualit√© de la donn√©e
- Mettre en oeuvre les politiques et processus de gestion de la donn√©e
- Identifier les anomalies et proposer des actions correctives
Au quotidien :
- Vous travaillez en √©troite collaboration avec les √©quipes IT, les √©quipes partenariat et les √©quipes actuariat pour garantir le niveau de qualit√© de donn√©es ad√©quat
- Devenez expert de la plateforme interne de gestion
- Assurez le suivi de l'int√©gration des bordereaux mensuels
- Participez activement √† l'am√©lioration et l'optimisation de la plateforme
- G√©rez les erreurs d'int√©gration avec les Relationship Owner puis avec les partenaires
- Intervenez dans l'impl√©mentation des nouveaux partenaires
- Contribuez √† la gouvernance op√©rationnelle de la qualit√© de la donn√©e
- D√©veloppez les rapports pour piloter la qualit√© des donn√©es
- Analysez les donn√©es re√ßues de nos partenaires","- Titulaire d'un Bac +3 minimum en Math√©matiques/Statistiques/Assurance
- Exp√©rience d'au moins 3 ans sur un poste similaire dans le secteur de l'assurance
- Vous maitrisez Power BI
- Vous faites preuve d'une parfaite ma√Ætrise d'Excel et SQL, une comp√©tence Python serait un plus
- Vous appr√©ciez travailler en fran√ßais ainsi qu'en anglais",il y a 29 jours,",T√©l√©travail partiel,Bac +5,Banque ‚Ä¢ Assurance ‚Ä¢ Finance,Exp. 1 √† 7 ans,Exp. + 7 ans,Lyon 3e - 69,CDI",R√©sum√© de l'offre,
NaTran,‚è±Ô∏è 1 an,Alternance,62389244,Alternance - Assistant Data Analyst Energie H/F,https://www.hellowork.com/fr-fr/emplois/62389244.html,Rh√¥ne - 69,"Vous recherchez une alternance qui vous permette de d√©velopper vos connaissances et d'int√©grer une entreprise qui contribue √† la transition √©nerg√©tique ? Rejoignez NaTran !
Au sein de la direction de syst√®me gaz, vous int√©grez un collectif de 7 personnes. Vous contribuerez au bon fonctionnement du r√©seau de transport de gaz haute pression du p√©rim√®tre g√©ographique qui est plac√© sous la responsabilit√© de votre √©quipe en donnant la priorit√© √† la s√©curit√© et au respect de l'environnement.
Vous recherchez des activit√©s diverses et vari√©es ? Vous aimez le travail en √©quipe ?
Vous √™tes au bon endroit
Et vos missions au quotidien ?
Vous apprendrez √† r√©ceptionner, contr√¥ler, analyser et valider les restitutions des donn√©es de comptage, tout en respectant les d√©lais impartis afin de contribuer √† la fiabilit√© des allocations et des donn√©es de facturation, ainsi qu'√† la fiabilit√© du bilan de GRTgaz.
Vos activit√©s ?
Vous Participerez aux activit√©s de production de l'√©quipe
Vous d√©velopperez et am√©liorez des outils facilitant l'analyse de donn√©es
Vous automatiserez des fichiers et param√©trerez des applications m√©tier
Vous apprendrez √† faire la R√©daction de modes op√©ratoires et assistance aux utilisateurs
Vous optimiserez de pr√©sentation des tableaux de bord et des indicateurs
Dans le cadre de votre alternance d'autres missions peuvent vous √™tre confi√©es.
NOS MISSIONS, CE SONT NOS ALTERNANTS QUI EN PARLENT LE MIEUX
¬´ Au sein de la direction Syst√®me Gaz, j'ai int√©gr√© l'√©quipe Comptage bilan pour cette ann√©e d'alternance dans le cadre de mes √©tudes d'Ing√©nierie. Ma mission consiste √† enqu√™ter sur les √©carts de chiffres qui peuvent se trouver dans les relev√©s de consommation de gaz. Cette exp√©rience me permet d'apprendre l'autonomie et d'affuter mon esprit d'analyse... dans une ambiance de travail tr√®s agr√©able !¬ª
Antonin, 23 ans, alternant Syst√®me Gaz
D√©couvrez d'autres t√©moignages d'alternants sur notre chaine You Tube, comme celui de Gilson, qui pr√©pare un dipl√¥me d'ing√©nieur aux Arts et M√©tiers au sein de la Direction de l'Ing√©nierie : https://www.youtube.com/watch?v=-Bl8rzTPsrk&index=4&list=PLPusK6uGenYVPSjEvANhhkoiPiuNSt0KB
Et pour en savoir plus sur l'alternance chez NaTran : https://www.youtube.com/watch?v=UUPxyzvWcfs&index=17&list=PLPusK6uGenYVPSjEvANhhkoiPiuNSt0KB
Notre petit + :
tagada
Quel est le processus de recrutement ?
Si votre CV est s√©lectionn√© vous serez contact√©.e par un.e charg√©.e de recrutement.
- Vous r√©aliserez un premier entretien RH t√©l√©phonique ou vid√©o pour exprimer votre motivation. Puis un second entretien avec le / la tuteur.rice et/ou manager.
- Si vous √™tes retenu.e, vous d√©butez le processus d'embauche. Dans le cas contraire, nous vous pr√©venons dans les meilleurs d√©lais et votre CV pourra √™tre conserv√© dans notre vivier pour d'autres opportunit√©s","VOUS VOUS RECONNAISSEZ ?
Vous pr√©parez une formation de type  Bac +3 / Licence, BUT,STID-Statistique et Informatique D√©cisionnelle ou √©quivalent et et vous recherchez une alternance pour 12, 24 ou 36 mois.
On a s√ªrement quelque chose pour vous !
Vous √™tes celui/celle qu'il nous faut si...
Vous avez :
- Des connaissances techniques et/ou de l'analyse statistique souhait√©es
- Une Capacit√© √† analyser, contr√¥ler et traiter des donn√©es num√©riques
- Une aisance r√©dactionnelle
- Une ma√Ætrise des logiciels ou applications informatiques notamment Excel, VBA
Ou encore que vous √™tes :
- Dynamique
- Reconnu.e pour votre esprit d'√©quipe et le sens du relationnel ainsi que celui du client
Pr√™t.e √† vivre l'exp√©rience NaTran? Alors n'h√©sitez plus et POSTULEZ !
ALORS N'H√âSITEZ PLUS, REJOIGNEZ-NOUS !",il y a 9 jours,"486,49 - 1‚ÄØ801,80 ‚Ç¨ / mois,,1 an,Bac +3, Bac +4,Secteur Energie ‚Ä¢ Environnement,Rh√¥ne - 69,Alternance",R√©sum√© de l'offre,"486,49 - 1‚ÄØ801,80 ‚Ç¨ / mois"
Groupe SEB,üè° T√©l√©travail partiel,Alternance,64874223,Alternance - After Sales Data Analyst H/F,https://www.hellowork.com/fr-fr/emplois/64874223.html,√âcully - 69,,,il y a 11 jours,",T√©l√©travail partiel,Bac +5,Distribution ‚Ä¢ Commerce de gros,√âcully - 69,Alternance",R√©sum√© de l'offre,
Silkhom,,CDI,64750414,Data Analyst - Acteur de la Comptabilit√© H/F,https://www.hellowork.com/fr-fr/emplois/64750414.html,Bron - 69,"L'entreprise recherche un Data Analyst pour renforcer son p√¥le data, en pleine structuration depuis 2023. Le poste est bas√© √† Lyon, aux c√¥t√©s d'un autre Data Analyst, tandis qu'un troisi√®me collaborateur est situ√© √† Paris. √Ä ce jour, le p√¥le data comprend √©galement un Data Engineer et un Data Strategist.
Le Data Analyst est positionn√© au croisement du p√¥le tech et des √©quipes m√©tiers, avec pour mission principale de faire le lien entre les d√©veloppeurs et les √©quipes comptables, fiscales, etc. Cette double interface permet d'assurer une bonne compr√©hension des besoins m√©tiers tout en garantissant la qualit√© des traitements de donn√©es.
La technologie centrale est SQL,. au sein d'un environnement Google Cloud Platform (GCP) et BigQuery. L'√©quipe utilise √©galement Looker Studio pour la visualisation et DBT pour la transformation des donn√©es.
Chaque Data Analyst intervient sur l'ensemble des sujets, sans d√©coupage de p√©rim√®tre fixe, avec un fort degr√© d'autonomie. L'un des projets structurants actuellement port√©s par l'√©quipe concerne la facturation √©lectronique, au coeur de l'actualit√© r√©glementaire.
√Ä horizon fin 2024, un Data Engineer suppl√©mentaire pourrait rejoindre l'√©quipe pour accompagner la croissance du p√¥le.
Pourquoi rejoindre l'entreprise ?
- L'entreprise connait une croissance √† 3 chiffres et a r√©alis√©e r√©cemment une lev√©e de fonds de 25 millions d'‚Ç¨ pour accompagner son d√©veloppement
- Des hackathons ou team buildings sont r√©alis√©s toutes les 6 semaines pour faire √©merger des nouvelles id√©es
- Profitez de formations en continue sur divers sujets : techniques, s√©curit√© mais aussi comptables, juridiques...
- Vous avez la possibilit√© d'√©voluer sur des postes de lead ou encore en management","- Vous avez entre 5 et 10 ans d'exp√©rience en tant que Data Analyst
- Vous avez travaill√©, de pr√©f√©rence, dans des soci√©t√©s de petites tailles (moins de 100 personnes)",il y a 14 jours,"45‚ÄØ000 - 55‚ÄØ000 ‚Ç¨ / an,Bac,Bac +2,Bac +3, Bac +4,Bac +5,Services aux Entreprises,Bron - 69,CDI",R√©sum√© de l'offre,45‚ÄØ000 - 55‚ÄØ000 ‚Ç¨ / an
First Stop Ayme,‚è±Ô∏è 1 an,Alternance,64735171,Alternance Data Analyst H/F,https://www.hellowork.com/fr-fr/emplois/64735171.html,Saint-Priest - 69,"Nous recherchons un(e) DATA ANALYST F/H dans le cadre d'une alternance bas√©e √† Saint-Priest par rapport √† notre r√©seau de franchis√©s.
Vos principales missions :
- Collecte et int√©gration des donn√©es : En d√©but de mois, rassembler rapidement les informations li√©es aux achats fournisseurs et √† l'animation r√©seau depuis diff√©rents outils (Excel, Dig Dash, Power BI, Autoprocure...), et les int√©grer dans la base Excel existante.
- Communication r√©seau : Pr√©parer et envoyer un publipostage mensuel √† destination des centres.
- Suivi et am√©lioration des outils : Mettre √† jour et faire √©voluer les documents de suivi pour l'√©quipe animation et les franchis√©s.
- Enrichissement de la base de donn√©es : Ajouter de nouvelles informations utiles (donn√©es marketing, fournisseurs...).
- √âtudes ponctuelles et simulations : R√©aliser des analyses √† la demande (ex. suivi des achats, simulations de contrats...).
- Mettre progressivement en place un support sur PowerBI afin de remplacer progressivement les outils actuellement sur Excel.
Dans le cadre de vos missions, tu travailleras en lien avec :
- Le Directeur du r√©seau de franchise (ton tuteur)
- L'√©quipe animation r√©seau
- La DSI
- Le service marketing et d'autres services du si√®ge
- D'autres interlocuteurs du groupe hors France","Comp√©tences techniques :
- Ma√Ætrise d'Excel (formules, tableaux crois√©s dynamiques, graphiques, macros de base).
- Connaissance des outils collaboratifs (Teams, SharePoint, suite Microsoft).
- Une premi√®re exp√©rience ou un int√©r√™t pour Power BI est un plus.
- Bonnes capacit√©s d'analyse des donn√©es chiffr√©es.
- Niveau d'anglais permettant des √©changes √† l'√©crit et √† l'oral.
- Int√©r√™t pour le monde du pneumatique ou bien de l'automobile
Qualit√©s recherch√©es :
- Organis√©(e), rigoureux(se) et capable de g√©rer plusieurs t√¢ches simultan√©ment.
- Esprit d'√©quipe, √† l'√©coute et orient√©(e) vers des solutions concr√®tes.
- Force de proposition, dynamique avec une r√©elle app√©tence pour les chiffres.
- Curieux(se) et avec une r√©elle envie d'apprendre.",il y a 15 jours,",1 an,Bac +3, Bac +4,Bac +5,Industrie Auto ‚Ä¢ Meca ‚Ä¢ Navale,Exp. - 1 an,Exp. 1 √† 7 ans,Saint-Priest - 69,Alternance",R√©sum√© de l'offre,
ISCOD,,Alternance,64221483,Alternance Data Analyst - Lyon H/F,https://www.hellowork.com/fr-fr/emplois/64221483.html,Lyon 7e - 69,,,il y a 28 jours,"486,49 - 1‚ÄØ801,80 ‚Ç¨ / mois,Bac +5,Enseignement ‚Ä¢ Formation,Lyon 7e - 69,Alternance",R√©sum√© de l'offre,"486,49 - 1‚ÄØ801,80 ‚Ç¨ / mois"
Veolia,,Alternance,64809436,Alternant en Data Analyst H/F,https://www.hellowork.com/fr-fr/emplois/64809436.html,Vaulx-en-Velin - 69,"Dans le cadre d'un contrat en alternance, vous int√©grerez l'√©quipe du P√¥le Performance et Contrats afin d'accompagner le Charg√© de reporting dans l'am√©lioration continue des processus et √† la prise de d√©cision strat√©gique gr√¢ce √† l'analyse et √† la valorisation des donn√©es issues de nos activit√©s op√©rationnelles.
Votre projet :
Concevoir et d√©ployer un outil analytique d√©di√© au suivi et √† l'optimisation des engagements contractuels, afin d'assurer leur conformit√© et de soutenir une gestion proactive dans un environnement dynamique.
Vos missions :
Vous accompagnez quotidiennement le charg√© de reporting r√©gional, dans la collecte, l'analyse, la consolidation et la mise en forme des donn√©es (techniques, √©conomiques, r√©glementaires...) de toutes les agences et installations industrielles de la r√©gion Centre-Est, en vue de l'automatisation de la production des rapports environnementaux et des rapports annuels du d√©l√©gataire (RAD)
Au quotidien vous serez amen√©.e √† :
- Collecter, nettoyer et organiser des donn√©es provenant de sources multiples (syst√®mes op√©rationnels, ERP, outils de monitoring, etc.)
- Concevoir et d√©velopper des dashboards et reportings interactifs pour suivre les indicateurs cl√©s de performance (KPI) li√©s √† la gestion de l'eau
- R√©aliser des analyses statistiques et pr√©dictives afin d'identifier des tendances, des anomalies et des opportunit√©s d'optimisation
- Collaborer √©troitement avec les √©quipes m√©tiers (op√©rationnelles, techniques, financi√®res) pour comprendre leurs besoins et apporter des recommandations bas√©es sur les donn√©es
- Participer √† l'am√©lioration continue des outils analytiques et √† l'optimisation des processus internes
- Assurer une veille technologique sur les outils et m√©thodes d'analyse de donn√©es afin de maintenir l'excellence op√©rationnelle
La majeure partie du travail se fera dans l'environnement Google Workspace et ses outils (Google Sheets, Google Drive, Google Apps Script (JavaScript) etc.)","Votre profil :
Niveau de formation souhait√© : Licence/Master 1/Master 2 avec sp√©cialit√© : IT, Data Science, Statistiques, Informatique, ou √©quivalent (√âcoles cibles : √âcoles d'ing√©nieur ou de commerces / Formation Universitaire).
Toutes formations proposant des cursus ax√©s sur les syst√®mes d'information, l'analyse de donn√©es et la transformation digitale
Comp√©tences Techniques :
- Ma√Ætrise de l'environnement Google Workspace et ses outils (Google Sheets, Google Drive, Google Apps Script (JavaScript) etc.)
- API : Exp√©rience dans l'utilisation et l'int√©gration d'API.
- Bases de Donn√©es : Connaissance des bases de donn√©es relationnelles et non relationnelles, ainsi que des comp√©tences en SQL.
- Connaissance des langages de programmation : Python, JavaScript, ou autres langages pertinents serait un plus
- Mod√®les de Langage : Connaissance des sp√©cificit√©s des grands mod√®les de langage (comme GPT-4, Mistral, Claude, Gemini) et de leur application pratique.
Comp√©tences en D√©veloppement Web (Optionnel) :
- D√©veloppement Web : Comp√©tences en d√©veloppement web, notamment en HTML, CSS, JavaScript, framework Angular.
- Export de Donn√©es : Exp√©rience dans le d√©veloppement de fonctionnalit√©s d'export de donn√©es (par exemple, au format PDF).
- Dashboard : Comp√©tences en cr√©ation et am√©lioration de dashboards interactifs pour le suivi des activit√©s.
Qualit√©s Personnelles :
- Esprit d'Innovation : Capacit√© √† inventer de nouveaux usages et √† proposer des solutions innovantes.
- Bonnes capacit√©s de communication pour vulgariser des analyses complexes aupr√®s des non-sp√©cialistes
- Autonomie : Capacit√© √† travailler de mani√®re autonome tout en √©tant proactif(ve) dans la recherche de solutions.
- Collaboration : Bonnes comp√©tences en communication et capacit√© √† travailler en √©quipe.
- Curiosit√© : Int√©r√™t marqu√© pour les nouvelles technologies, l'intelligence artificielle et l'open data.
- Rigueur : Attention aux d√©tails et capacit√© √† produire un travail de qualit√©",il y a 13 jours,"486,49 - 1‚ÄØ801,80 ‚Ç¨ / mois,Bac +3, Bac +4,Bac +5,Secteur Energie ‚Ä¢ Environnement,Vaulx-en-Velin - 69,Alternance",R√©sum√© de l'offre,"486,49 - 1‚ÄØ801,80 ‚Ç¨ / mois"
Volvo Group,,Stage,64446467,Stage Data Analyst Bac+4 - 5 H/F,https://www.hellowork.com/fr-fr/emplois/64446467.html,Lyon - 69,"Ce que vous ferez
Nous recherchons un stagiaire Bac +4/5 en Data Science avec un attrait pour l'IA, afin de rejoindre le d√©partement Controlling & Product Finance (C&PF). Vous serez impliqu√© dans des projets innovants visant √† optimiser nos processus financiers gr√¢ce √† l'analyse de nos donn√©es et au d√©veloppement de mod√®les pr√©dictifs.
Vos missions seront :
- Analyser et traiter de grandes quantit√©s de donn√©es (v√©hicules produits, pi√®ces install√©es, co√ªt des r√©f√©rences, etc)
- D√©velopper et am√©liorer des mod√®les d'IA pour automatiser les t√¢ches r√©p√©titives
- Collaborer avec l'√©quipe d'ing√©nieur finance produit pour identifier des opportunit√©s d'optimisation
- R√©aliser des rapports et des pr√©sentations pour communiquer vos r√©sultats
Votre future √©quipe
Au sein de l'entit√© C&PF, notre √©quipe est financi√®rement responsable du portefeuille projets Heavy Duty Renault Trucks et Medium Duty Powertrain. Nous sommes responsables du suivi de la rentabilit√© de ces gammes. Compos√©e de 30 personnes, nous venons d'horizons diff√©rents, sommes inclusifs et soutenons passionn√©ment le groupe Volvo dans son parcours de transformation.
Qui √™tes-vous ?
- √âtudiant en Bac +4/5 en Data Science, IA, ou domaine similaire
- Curieux, autonome, et proactif
- Bonnes comp√©tences en programmation (Python, R) et en analyse de donn√©es
- Capacit√© √† travailler en √©quipe et √† communiquer efficacement
- Une app√©tence pour le domaine m√©canique est un plus
Pr√™t(e) pour la prochaine √©tape ?
Rejoignez-nous pour une exp√©rience enrichissante au coeur de l'innovation financi√®re !
Nous attachons une grande importance √† la confidentialit√© de vos donn√©es et n'acceptons donc pas les candidatures par mails.
Qui nous sommes et en quoi nous croyons
L'accent que nous mettons sur l'inclusion, la diversit√© et l'√©quit√© permet √† chacun d'entre nous d'apporter toute son authenticit√© au travail et de s'√©panouir en offrant un environnement s√ªr et favorable, exempt de harc√®lement et de discrimination. Nous nous engageons √† supprimer les barri√®res qui pourraient exister pour nous rejoindre, c'est pourquoi nous vous demandons, m√™me si vous pensez ne pas r√©pondre √† toutes les qualifications de la description du poste, de postuler et de nous laisser d√©cider.
En postulant √† cet emploi, vous avez la possibilit√© de rejoindre le Groupe Volvo. Chaque jour, dans le monde entier, nos camions, nos bus, nos moteurs, nos √©quipements de construction, nos services financiers et nos solutions rendent la vie moderne possible. Nous sommes pr√®s de 100 000 personnes habilit√©es √† fa√ßonner le paysage futur des solutions de transport efficaces, s√ªres et durables. L'accomplissement de notre mission cr√©e d'innombrables opportunit√©s de carri√®re pour des talents √† l'esprit vif et passionn√©, au sein des principales marques et entit√©s du groupe.
Group Trucks Technology est √† la recherche de talents pour l'aider √† concevoir des solutions de transport durables pour l'avenir. En tant que membre de notre √©quipe, vous nous aiderez en concevant des technologies de pointe passionnantes et en contribuant √† des projets qui d√©terminent des solutions nouvelles et durables. Apportez votre amour du d√©veloppement de syst√®mes, du travail en collaboration et vos comp√©tences avanc√©es √† un endroit o√π vous pouvez avoir un impact. Participez √† notre changement de conception qui laisse la soci√©t√© en bon √©tat pour les g√©n√©rations futures",,il y a 22 jours,"Bac +5,Industrie Auto ‚Ä¢ Meca ‚Ä¢ Navale,Lyon - 69,Stage",R√©sum√© de l'offre,
PwC,üè° T√©l√©travail partiel,CDI,60656013,Senior Financial Data Analyst Deals M&A Lyon CDI H/F,https://www.hellowork.com/fr-fr/emplois/60656013.html,Lyon - 69,,,il y a 20 jours,",T√©l√©travail partiel,Bac +5,Secteur informatique ‚Ä¢ ESN,Lyon - 69,CDI",R√©sum√© de l'offre,
